id,Test Name,Request Command,Waiting Period,Unit,Request Command Description,Response,Response Description
6a04547227be22811320699c,Manual RTC Update,"?95,,#",1,min,This is Request Command,"$95,Factory St-ID, GPS Update Status, DD/MM/YY HH:MM, RTC Update status, #","(DD/MM/YY HH:MM) Last RTC updated Date and Time where, RTC Update status – 0 …success"
6a04547227be22811320699a,Manual Data Acquistion/poll,"?93,,#",1,min,NA,"$93,station id,19-12-2025 17:08:00,11.9,78.864,170.12345,C6,48,#","Return Data String station id, All sensors data,"
6a04547227be228113206988,Transmitter Test,"?64,N,S,#",1,min,"where, N = 0 – Enable plain carrier N = 1 – Modulation, N= 2 - PRBS where S = 0 -ON S = 1- OFF","$64,station id,S,#","Where, S = 0 – Transmitter test OK S = 1 – Transmitter test Not OK"
6a04547227be228113206950,Set Transmission Time,"?08,HH:MM:SS,#",1,min,NA,"$08,station id ,HH:MM:SS#","$08,00:10:02,#"
6a04547227be22811320699d,Erase Memory,"?96,,#",1,min,NA,"$96,station id, 1,#","$96,Factory (StationId), 1,#"
6a04547227be22811320694b,Restore Default Parameters,"?03,,#",1,min,NA,"$03,list of general parameters#","IIIIIIII, NNNNNNNNNNNNNNNN,HH:MM:SS,hh:mm:ss,AAAAAAAAAAAAAAAA,HHH…,KKK…,S, +91nnnnnnnnnn, +91nnnnnnnnnn,YY,HH:MM:SS (Station id, station name, Tx interval, measurement interval, APN , APN, Fast SMS check, admin cell no.1, admin cell no. 2s, sensor power on time, measurement start time) Max length = 8+1+16+1+8+1+8+1+31+1+31+1+1+1+13+1+13+1+2+1+8= 149 characters"
6a04547227be228113206952,Set measurement interval & sensor warm up time,"?10,HH:MM:SS,XX,#",1,min,"Allowed Measurement Intervals (HH:MM:SS):00:01:00, 00:05:00, 00:10:00, 00:15:00, 00:20:00, 00:30:00, 01:00:00, Allowed Values for Sensor Warm-up Time (XX):01, 02, 03, 04, 05, 10, 15, 20, 25, 30, 99 (99 = Always ON)","$10,list of general parameters#","IIIIIIII, NNNNNNNNNNNNNNNN,HH:MM:SS,hh:mm:ss,AAAAAAAAAAAAAAAA,HHH…,S, +91nnnnnnnnnn, +91nnnnnnnnnn,YY,HH:MM:SS (Station id, station name, Tx interval, measurement interval, APN , APN, Fast SMS check, admin cell no.1, admin cell no. 2s, sensor power on time, measurement start time) Max length = 8+1+16+1+8+1+8+1+31+1+31+1+1+1+13+1+13+1+2+1+8= 149 characters"
6a04547227be228113206985,Measurement Start Time,"?61,HH:MM:SS,#",1,min,,"$61,list of general parameters#","IIIIIIII, NNNNNNNNNNNNNNNN,HH:MM:SS,hh:mm:ss,AAAAAAAAAAAAAAAA,HHH…,S, +91nnnnnnnnnn, +91nnnnnnnnnn,YY,HH:MM:SS (Station id, station name, Tx interval, measurement interval, APN , APN, Fast SMS check, admin cell no.1, admin cell no. 2s, sensor power on time, measurement start time) Max length = 8+1+16+1+8+1+8+1+31+1+31+1+1+1+13+1+13+1+2+1+8= 149 characters"
6a04547227be22811320694a,Check Status,"?02,,#",1,min,Returns Status of GPRS and Peripheral Devices,"$02,C4,00,00,00,00,0,0,0,0,1,VERSION 1.0.2 ,#","$02,PP,GG,GG,GG,GG, F1, MT1, F2, MT2, CH, D. L Firmware Version# (Peripheral status, GPRS status of primary server, GPRS status of secondary server, GPRS status of third server, GPRS status of factory server) F1 – Memory 1 Fail Status (0 = OK, 1 = Not OK) MT1– Memory 1 Test Result (0 = OK, 1 = Not OK) F2 – Memory 2 Fail Status (0 = OK, 1 = Not OK) MT2 – Memory 2 Test Result (0 = OK, 1 = Not OK) CH – Battery Charging Status (0 = Charging ON, 1 = Charging OFF, 2 = Fault) DL Firmware Version – Indicates the latest Data Logger firmware version."
6a04547227be22811320694d,Set all general system parameters,"?05,List of all general system parameters,#",1,min,,"$05,ist of all general system parameters#","IIIIIIII, NNNNNNNNNNNNNNNN,HH:MM:SS,hh:mm:ss,AAAAAAAAAAAAAAAA,HHH…,S, +91nnnnnnnnnn, +91nnnnnnnnnn,YY,HH:MM:SS (Station id, station name, Tx interval, measurement interval, APN , APN, Fast SMS check, admin cell no.1, admin cell no. 2s, sensor power on time, measurement start time) Max length = 8+1+16+1+8+1+8+1+31+1+31+1+1+1+13+1+13+1+2+1+8= 149 characters"
6a04547227be22811320694c,Get all general system parameters,"?04,,#",1,min,returns list of general parameters,"$04,list of general parameters#","IIIIIIII, NNNNNNNNNNNNNNNN,HH:MM:SS,hh:mm:ss,AAAAAAAAAAAAAAAA,HHH…,S, +91nnnnnnnnnn, +91nnnnnnnnnn,YY,HH:MM:SS (Station id, station name, Tx interval, measurement interval, APN , APN, Fast SMS check, admin cell no.1, admin cell no. 2s, sensor power on time, measurement start time) Max length = 8+1+16+1+8+1+8+1+31+1+31+1+1+1+13+1+13+1+2+1+8= 149 characters"
6a04547227be22811320694e,Set Station Id,"?06,XXXXXXXX,#",1,min,Sets 8 char station id,"$06,list of general parameters#","IIIIIIII, NNNNNNNNNNNNNNNN,HH:MM:SS,hh:mm:ss,AAAAAAAAAAAAAAAA,HHH…,S, +91nnnnnnnnnn, +91nnnnnnnnnn,YY,HH:MM:SS (Station id, station name, Tx interval, measurement interval, APN , APN, Fast SMS check, admin cell no.1, admin cell no. 2s, sensor power on time, measurement start time) Max length = 8+1+16+1+8+1+8+1+31+1+31+1+1+1+13+1+13+1+2+1+8= 149 characters"
6a04547227be22811320694f,Set station name,"?07,NNNNNNNNNNNNNNNN,#",1,min,NNNNNNNNNNNNNNNN (New value of station name),"$07,list of general parameters#","IIIIIIII, NNNNNNNNNNNNNNNN,HH:MM:SS,hh:mm:ss,AAAAAAAAAAAAAAAA,HHH…,S, +91nnnnnnnnnn, +91nnnnnnnnnn,YY,HH:MM:SS (Station id, station name, Tx interval, measurement interval, APN , APN, Fast SMS check, admin cell no.1, admin cell no. 2s, sensor power on time, measurement start time) Max length = 8+1+16+1+8+1+8+1+31+1+31+1+1+1+13+1+13+1+2+1+8= 149 characters"
6a04547227be228113206951,Set transmission interval,"?09,HH:MM:SS,#",1,min,Allowed minimum interval = 00:10:00,"$09,list of general parameters#",NA
6a04547227be228113206953,Set APN,"?11,Para 1, para 2, para 3,#",1,min,"Para1-> APN name,Para2-> 0 for Vodafone, 1 for other sim Para3-> ( 1 - sim1 APN , 2 – sim2 APN) (APN string – Only chars entered by user, maximum 31 char long. )","$11,List of all general system parameters ,#",
6a04547227be228113206954,Set RTC server HTTP website address,"?12,xxxx…,#",1,min,(Max 128 characters) Alphanumeric ASCII characters. Use ‘ ‘(space) as last character if < 40 char. Space char will not be part of address,"$12,list of general parameters#",NA
6a04547227be228113206955,Set RTC server HTTP website key,"?13,xxxx…,#",1,min,(max 15 char)Alphanumeric ASCII characters. Use ‘ ‘(space) as last character if < 40 char. Space char will not be part of address,"$13,StationId,RTC Server Key#",NA
6a04547227be228113206956,Primary server HTTP website address,"?14,N,xxx...,#",1,min,Where N represents the HTTP server number.(Max 128 characters) Alphanumeric ASCII characters. Use ‘ ‘(space) as last character if < 128 char. Space char will not be part of address,"$14,all primary server settings#","IIIIII, HHHH…, FFF…, PPPPP,ffff…,uuuu…,pppp…,+91nnnnnnnnnn,R-(Station id,FTP server address, FTP port no., FTP file path, FTP username, FTP password, cell no., TX redundancy),Max length = 8+1+20+1+5+1+20+1+20+1+20+1+13+1+1 = 114 characters"
6a04547227be228113206957,Primary server FTP address,"?15,xxxx..,#",1,min,(max 20 char) .Alphanumeric ASCII characters. Use ‘ ‘(space) as last character if < 20 char. Space char will not be part of address,"$15,all primary server settings#","IIIIII, HHHH…, FFF…, PPPPP,ffff…,uuuu…,pppp…,+91nnnnnnnnnn,R-(Station id,FTP server address, FTP port no., FTP file path, FTP username, FTP password, cell no., TX redundancy),Max length = 8+1+20+1+5+1+20+1+20+1+20+1+13+1+1 = 114 characters"
6a04547227be228113206958,Primary server FTP port no.,"?16,PPPPP,#",1,min,"PPPPP(Port no. – 5 digit long, Range = 0 to 65535)","$16,all primary server settings#","IIIIII, HHHH…, FFF…, PPPPP,ffff…,uuuu…,pppp…,+91nnnnnnnnnn,R-(Station id,FTP server address, FTP port no., FTP file path, FTP username, FTP password, cell no., TX redundancy),Max length = 8+1+20+1+5+1+20+1+20+1+20+1+13+1+1 = 114 characters"
6a04547227be228113206959,Primary server FTP path,"?17,xxxx..,#",1,min,(Max 20 characters) Alphanumeric ASCII characters. Use ‘ ‘(space) as last character if < 20 char. Space char will not be part of address,"$17,all primary server settings#","IIIIII, HHHH…, FFF…, PPPPP,ffff…,uuuu…,pppp…,+91nnnnnnnnnn,R-(Station id,FTP server address, FTP port no., FTP file path, FTP username, FTP password, cell no., TX redundancy),Max length = 8+1+20+1+5+1+20+1+20+1+20+1+13+1+1 = 114 characters"
6a04547227be22811320695a,Primary server FTP username,"?18,xxxx..,#",1,min,(Max 20 characters) Alphanumeric ASCII characters. Use ‘ ‘(space) as last character if < 20 char. Space char will not be part of address,"$18,all primary server settings#","IIIIII, HHHH…, FFF…, PPPPP,ffff…,uuuu…,pppp…,+91nnnnnnnnnn,R-(Station id,FTP server address, FTP port no., FTP file path, FTP username, FTP password, cell no., TX redundancy),Max length = 8+1+20+1+5+1+20+1+20+1+20+1+13+1+1 = 114 characters"
6a04547227be22811320695b,Primary server FTP password,"?19,xxxx..,#",1,min,(Max 20 characters) Alphanumeric ASCII characters. Use ‘ ‘(space) as last character if < 20 char. Space char will not be part of address,"$19,all primary server settings#","IIIIII, HHHH…, FFF…, PPPPP,ffff…,uuuu…,pppp…,+91nnnnnnnnnn,R-(Station id,FTP server address, FTP port no., FTP file path, FTP username, FTP password, cell no., TX redundancy),Max length = 8+1+20+1+5+1+20+1+20+1+20+1+13+1+1 = 114 characters"
6a04547227be22811320695c,Set primary server SMS cell no,"?20,+91nnnnnnnnnn,#",1,min,(nnnnnnnnnn: Cellular no. – 10 digit long),"$20,all primary server settings#","IIIIII, HHHH…, FFF…, PPPPP,ffff…,uuuu…,pppp…,+91nnnnnnnnnn,R-(Station id,FTP server address, FTP port no., FTP file path, FTP username, FTP password, cell no., TX redundancy),Max length = 8+1+20+1+5+1+20+1+20+1+20+1+13+1+1 = 114 characters"
6a04547227be22811320695d,Primary server tx media redundancy,"?21,n,#",1,min,"n = 0-GSM and GPRS, 1-GSM if GPRS Fail","$21,all primary server settings#","IIIIII, HHHH…, FFF…, PPPPP,ffff…,uuuu…,pppp…,+91nnnnnnnnnn,R-(Station id,FTP server address, FTP port no., FTP file path, FTP username, FTP password, cell no., TX redundancy),Max length = 8+1+20+1+5+1+20+1+20+1+20+1+13+1+1 = 114 characters"
6a04547227be22811320695e,Secondary server HTTP website address,"?22,N,xxx..,#",1,min,N -represents server number from 0 to 3. (Max 128 characters) Alphanumeric ASCII characters. Use ‘ ‘(space) as last character if < 128 char. Space char will not be part of address,"$22,all primary server settings#","IIIIII, HHHH…, FFF…, PPPPP,ffff…,uuuu…,pppp…,+91nnnnnnnnnn,R-(Station id,FTP server address, FTP port no., FTP file path, FTP username, FTP password, cell no., TX redundancy),Max length = 8+1+20+1+5+1+20+1+20+1+20+1+13+1+1 = 114 characters"
6a04547227be22811320695f,Secondary server FTP address,"?23,xxxx..,#",1,min,(max 20 char) Alphanumeric ASCII characters. Use ‘ ‘(space) as last character if < 20 char. Space char will not be part of address,"$23,all secondary server settings#","IIIIII, HHHH…, FFF…, PPPPP,ffff…,uuuu…,pppp…,+91nnnnnnnnnn,R-(Station id,FTP server address, FTP port no., FTP file path, FTP username, FTP password, cell no., TX redundancy),Max length = 8+1+20+1+5+1+20+1+20+1+20+1+13+1+1 = 114 characters"
6a04547227be228113206960,Secondary server FTP port no.,"?24,PPPPP,#",1,min,"PPPPP(Port no. – 5 digit long, Range = 0 to 65535)","$24,all secondary server settings#","IIIIII, HHHH…, FFF…, PPPPP,ffff…,uuuu…,pppp…,+91nnnnnnnnnn,R-(Station id,FTP server address, FTP port no., FTP file path, FTP username, FTP password, cell no., TX redundancy),Max length = 8+1+20+1+5+1+20+1+20+1+20+1+13+1+1 = 114 characters"
6a04547227be228113206961,Secondary server FTP path,"?25,xxxx..,#",1,min,(Max 20 characters) Alphanumeric ASCII characters. Use ‘ ‘(space) as last character if < 20 char. Space char will not be part of address,"$25,all secondary server settings#","IIIIII, HHHH…, FFF…, PPPPP,ffff…,uuuu…,pppp…,+91nnnnnnnnnn,R-(Station id,FTP server address, FTP port no., FTP file path, FTP username, FTP password, cell no., TX redundancy),Max length = 8+1+20+1+5+1+20+1+20+1+20+1+13+1+1 = 114 characters"
6a04547227be228113206962,Secondary server FTP user name,"?26,xxxx..,#",1,min,(Max 20 characters) Alphanumeric ASCII characters. Use ‘ ‘(space) as last character if < 20 char. Space char will not be part of address,"$26,all secondary server settings#","IIIIII, HHHH…, FFF…, PPPPP,ffff…,uuuu…,pppp…,+91nnnnnnnnnn,R-(Station id,FTP server address, FTP port no., FTP file path, FTP username, FTP password, cell no., TX redundancy),Max length = 8+1+20+1+5+1+20+1+20+1+20+1+13+1+1 = 114 characters"
6a04547227be228113206963,Secondary server FTP password,"?27,xxxx..,#",1,min,(Max 20 characters) Alphanumeric ASCII characters. Use ‘ ‘(space) as last character if < 20 char. Space char will not be part of address,"$27,all secondary server settings#","IIIIII, HHHH…, FFF…, PPPPP,ffff…,uuuu…,pppp…,+91nnnnnnnnnn,R-(Station id,FTP server address, FTP port no., FTP file path, FTP username, FTP password, cell no., TX redundancy),Max length = 8+1+20+1+5+1+20+1+20+1+20+1+13+1+1 = 114 characters"
6a04547227be228113206964,Set secondary server SMS cell no,"?28,+91nnnnnnnnnn,#",1,min,PPPPP(nnnnnnnnnn: Cellular no. – 10 digit long),"$28,all secondary server settings#","IIIIII, HHHH…, FFF…, PPPPP,ffff…,uuuu…,pppp…,+91nnnnnnnnnn,R-(Station id,FTP server address, FTP port no., FTP file path, FTP username, FTP password, cell no., TX redundancy),Max length = 8+1+20+1+5+1+20+1+20+1+20+1+13+1+1 = 114 characters"
6a04547227be228113206965,Secondary server tx media redundancy,"?29,n,#",1,min,"n = 0-GSM and GPRS, 1-GSM if GPRS Fail","$29,all secondary server settings#","IIIIII, HHHH…, FFF…, PPPPP,ffff…,uuuu…,pppp…,+91nnnnnnnnnn,R-(Station id,FTP server address, FTP port no., FTP file path, FTP username, FTP password, cell no., TX redundancy),Max length = 8+1+20+1+5+1+20+1+20+1+20+1+13+1+1 = 114 characters"
6a04547227be228113206966,Third server HTTP website address,"?30,N,xxx..,#",1,min,N -represents server number from 0 to 3. (Max 128 characters) Alphanumeric ASCII characters. Use ‘ ‘(space) as last character if < 40 char. Space char will not be part of address,"$30,all secondary server settings#","IIIIII, HHHH…, FFF…, PPPPP,ffff…,uuuu…,pppp…,+91nnnnnnnnnn,R-(Station id,FTP server address, FTP port no., FTP file path, FTP username, FTP password, cell no., TX redundancy),Max length = 8+1+20+1+5+1+20+1+20+1+20+1+13+1+1 = 114 characters"
6a04547227be228113206967,Third server FTP address,"?31,xxxx..,#",1,min,(Max 20 characters) Alphanumeric ASCII characters. Use ‘ ‘(space) as last character if < 128 char. Space char will not be part of address,"$31,all third server settings#","IIIIII, HHHH…, FFF…, PPPPP,ffff…,uuuu…,pppp…,+91nnnnnnnnnn,R-(Station id,FTP server address, FTP port no., FTP file path, FTP username, FTP password, cell no., TX redundancy),Max length = 8+1+20+1+5+1+20+1+20+1+20+1+13+1+1 = 114 characters"
6a04547227be228113206968,Third server FTP port no.,"?32,PPPPP,#",1,min,"PPPPP(Port no. – 5 digit long, Range = 0 to 65535)","$32,all third server settings#","IIIIII, HHHH…, FFF…, PPPPP,ffff…,uuuu…,pppp…,+91nnnnnnnnnn,R-(Station id,FTP server address, FTP port no., FTP file path, FTP username, FTP password, cell no., TX redundancy),Max length = 8+1+20+1+5+1+20+1+20+1+20+1+13+1+1 = 114 characters"
6a04547227be228113206969,Third server FTP path,"?33,xxxx..,#",1,min,(Max 20 characters) Alphanumeric ASCII characters. Use ‘ ‘(space) as last character if < 20 char. Space char will not be part of address,"$33,all third server settings#","IIIIII, HHHH…, FFF…, PPPPP,ffff…,uuuu…,pppp…,+91nnnnnnnnnn,R-(Station id,FTP server address, FTP port no., FTP file path, FTP username, FTP password, cell no., TX redundancy),Max length = 8+1+20+1+5+1+20+1+20+1+20+1+13+1+1 = 114 characters"
6a04547227be22811320696a,Third server FTP username,"?34,xxxx..,#",1,min,(Max 20 characters) Alphanumeric ASCII characters. Use ‘ ‘(space) as last character if < 20 char. Space char will not be part of address,"$34,all third server settings#","IIIIII, HHHH…, FFF…, PPPPP,ffff…,uuuu…,pppp…,+91nnnnnnnnnn,R-(Station id,FTP server address, FTP port no., FTP file path, FTP username, FTP password, cell no., TX redundancy),Max length = 8+1+20+1+5+1+20+1+20+1+20+1+13+1+1 = 114 characters"
6a04547227be22811320696b,Third server FTP password,"?35,xxxx..,#",1,min,(Max 20 characters) Alphanumeric ASCII characters. Use ‘ ‘(space) as last character if < 20 char. Space char will not be part of address,"$35,all third server settings#","IIIIII, HHHH…, FFF…, PPPPP,ffff…,uuuu…,pppp…,+91nnnnnnnnnn,R-(Station id,FTP server address, FTP port no., FTP file path, FTP username, FTP password, cell no., TX redundancy),Max length = 8+1+20+1+5+1+20+1+20+1+20+1+13+1+1 = 114 characters"
6a04547227be22811320696c,Set Third server SMS cell no,"?36,+91nnnnnnnnnn,#",1,min,(nnnnnnnnnn: Cellular no. – 10 digit long),"$36,all third server settings#","IIIIII, HHHH…, FFF…, PPPPP,ffff…,uuuu…,pppp…,+91nnnnnnnnnn,R-(Station id,FTP server address, FTP port no., FTP file path, FTP username, FTP password, cell no., TX redundancy),Max length = 8+1+20+1+5+1+20+1+20+1+20+1+13+1+1 = 114 characters"
6a04547227be22811320696d,Third server tx media redundancy,"?37,n,#",1,min,"n = 0-GSM and GPRS, 1-GSM if GPRS Fail","$37,all third server settings#","IIIIII, HHHH…, FFF…, PPPPP,ffff…,uuuu…,pppp…,+91nnnnnnnnnn,R-(Station id,FTP server address, FTP port no., FTP file path, FTP username, FTP password, cell no., TX redundancy),Max length = 8+1+20+1+5+1+20+1+20+1+20+1+13+1+1 = 114 characters"
6a04547227be22811320696e,Factory server HTTP website address,"?38,N,xxx..,#",1,min,N -represents server number from 0 to 3. (Max 128 characters) Alphanumeric ASCII characters. Use ‘ ‘(space) as last character if < 128 char. Space char will not be part of address,"$38,all factory server settings#","IIIIII, HHHH…, FFF…, PPPPP,ffff…,uuuu…,pppp…,+91nnnnnnnnnn,R-(Station id,FTP server address, FTP port no., FTP file path, FTP username, FTP password, cell no., TX redundancy),Max length = 8+1+20+1+5+1+20+1+20+1+20+1+13+1+1 = 114 characters"
6a04547227be22811320696f,Factory server FTP address,"?39,xxx..,#",1,min,where xxx...Ipv4 format or URL format Alphanumeric ASCII characters. Use ‘ ‘(space) as last character if < 20 char. Space char will not be part of address,"$39,all factory server settings#","IIIIII, HHHH…, FFF…, PPPPP,ffff…,uuuu…,pppp…,+91nnnnnnnnnn,R-(Station id,FTP server address, FTP port no., FTP file path, FTP username, FTP password, cell no., TX redundancy),Max length = 8+1+20+1+5+1+20+1+20+1+20+1+13+1+1 = 114 characters"
6a04547227be228113206970,Factory server FTP port no,"?40,PPPPP,#",1,min,"PPPPP(Port no. – 5 digit long, Range = 0 to 65535)","$40,all factory server settings#","IIIIII, HHHH…, FFF…, PPPPP,ffff…,uuuu…,pppp…,+91nnnnnnnnnn,R-(Station id,FTP server address, FTP port no., FTP file path, FTP username, FTP password, cell no., TX redundancy),Max length = 8+1+20+1+5+1+20+1+20+1+20+1+13+1+1 = 114 characters"
6a04547227be228113206971,Factory server FTP path,"?41,xxxx...,#",1,min,(Max 20 characters) Alphanumeric ASCII characters. Use ‘ ‘(space) as last character if < 20 char. Space char will not be part of address,"$41,all factory server settings#","IIIIII, HHHH…, FFF…, PPPPP,ffff…,uuuu…,pppp…,+91nnnnnnnnnn,R-(Station id,FTP server address, FTP port no., FTP file path, FTP username, FTP password, cell no., TX redundancy),Max length = 8+1+20+1+5+1+20+1+20+1+20+1+13+1+1 = 114 characters"
6a04547227be228113206972,Factory server FTP username,"?42,xxxx...,#",1,min,(Max 20 characters) Alphanumeric ASCII characters. Use ‘ ‘(space) as last character if < 20 char. Space char will not be part of address,"$42,all factory server settings#","IIIIII, HHHH…, FFF…, PPPPP,ffff…,uuuu…,pppp…,+91nnnnnnnnnn,R-(Station id,FTP server address, FTP port no., FTP file path, FTP username, FTP password, cell no., TX redundancy),Max length = 8+1+20+1+5+1+20+1+20+1+20+1+13+1+1 = 114 characters"
6a04547227be228113206973,Factory server FTP password,"?43,xxxx..,#",1,min,(Max 20 characters) Alphanumeric ASCII characters. Use ‘ ‘(space) as last character if < 20 char. Space char will not be part of address,"$43,all factory server settings#","IIIIII, HHHH…, FFF…, PPPPP,ffff…,uuuu…,pppp…,+91nnnnnnnnnn,R-(Station id,FTP server address, FTP port no., FTP file path, FTP username, FTP password, cell no., TX redundancy),Max length = 8+1+20+1+5+1+20+1+20+1+20+1+13+1+1 = 114 characters"
6a04547227be228113206974,Set factory server SMS cell no,"?44,+91nnnnnnnnnn,#",1,min,(nnnnnnnnnn: Cellular no. – 10 digit long),"$44,all factory server settings#","IIIIII, HHHH…, FFF…, PPPPP,ffff…,uuuu…,pppp…,+91nnnnnnnnnn,R-(Station id,FTP server address, FTP port no., FTP file path, FTP username, FTP password, cell no., TX redundancy),Max length = 8+1+20+1+5+1+20+1+20+1+20+1+13+1+1 = 114 characters"
6a04547227be228113206975,Factory server tx media redundancy,"?45,n,#",1,min,"n = 0-GSM and GPRS, 1-GSM if GPRS Fail","$45,all factory server settings#","IIIIII, HHHH…, FFF…, PPPPP,ffff…,uuuu…,pppp…,+91nnnnnnnnnn,R-(Station id,FTP server address, FTP port no., FTP file path, FTP username, FTP password, cell no., TX redundancy),Max length = 8+1+20+1+5+1+20+1+20+1+20+1+13+1+1 = 114 characters"
6a04547227be228113206976,Set primary server all FTP/HTTP parameters,"?46,IIIIII,FFF…,PPPPP,ffff…,uuuu…,pppp…,+91nnnn…,R,#",1,min,"(station id, FTP server address, FTP port no., FTP file path, FTP user name, FTP password, cell no., tx redundancy)Station id – fix 8 characters.FTP port no. – fix 5 character, range 00000 to 65535.FTP server address, FTP file path, FTP user name, FTP password – max 20 characters. If < 20 char, use ‘‘last character.Cell no. – fix 10 charactersTx redundancy – 1 => enable, 0 => disable","$46,all primary server settings#","IIIIII, HHHH…, FFF…, PPPPP,ffff…,uuuu…,pppp…,+91nnnnnnnnnn,R-(Station id,FTP server address, FTP port no., FTP file path, FTP username, FTP password, cell no., TX redundancy),Max length = 8+1+20+1+5+1+20+1+20+1+20+1+13+1+1 = 114 characters"
6a04547227be228113206977,Set secondary server all FTP/HTTP parameters,"?47,IIIIII,FFF…,PPPPP,ffff…,uuuu…,pppp…,+91nnnn…,R,#",1,min,"(station id, FTP server address, FTP port no., FTP file path, FTP user name, FTP password, cell no., tx redundancy)Station id – fix 8 characters.FTP port no. – fix 5 character, range 00000 to 65535.FTP server address, FTP file path, FTP user name, FTP password – max 20 characters. If < 20 char, use ‘‘last character.Cell no. – fix 10 charactersTx redundancy – 1 => enable, 0 => disable","$47,all secondary server settings#","IIIIII, HHHH…, FFF…, PPPPP,ffff…,uuuu…,pppp…,+91nnnnnnnnnn,R-(Station id,FTP server address, FTP port no., FTP file path, FTP username, FTP password, cell no., TX redundancy),Max length = 8+1+20+1+5+1+20+1+20+1+20+1+13+1+1 = 114 characters"
6a04547227be228113206978,Set third server all FTP/HTTP parameters,"?48,IIIIII,FFF…,PPPPP,ffff…,uuuu…,pppp…,+91nnnn…,R,#",1,min,"(station id, FTP server address, FTP port no., FTP file path, FTP user name, FTP password, cell no., tx redundancy)Station id – fix 8 characters.FTP port no. – fix 5 character, range 00000 to 65535.FTP server address, FTP file path, FTP user name, FTP password – max 20 characters. If < 20 char, use ‘‘last character.Cell no. – fix 10 charactersTx redundancy – 1 => enable, 0 => disable","$48,all third server settings#","IIIIII, HHHH…, FFF…, PPPPP,ffff…,uuuu…,pppp…,+91nnnnnnnnnn,R-(Station id,FTP server address, FTP port no., FTP file path, FTP username, FTP password, cell no., TX redundancy),Max length = 8+1+20+1+5+1+20+1+20+1+20+1+13+1+1 = 114 characters"
6a04547227be228113206979,Set factory server all FTP/HTTP parameters,"?49,IIIIII,FFF…,PPPPP,ffff…,uuuu…,pppp…,+91nnnn…,R,#",1,min,"(station id, FTP server address, FTP port no., FTP file path, FTP user name, FTP password, cell no., tx redundancy)Station id – fix 8 characters.FTP port no. – fix 5 character, range 00000 to 65535.FTP server address, FTP file path, FTP user name, FTP password – max 20 characters. If < 20 char, use ‘‘last character.Cell no. – fix 10 charactersTx redundancy – 1 => enable, 0 => disable","$49,all factory server settings#","IIIIII, HHHH…, FFF…, PPPPP,ffff…,uuuu…,pppp…,+91nnnnnnnnnn,R-(Station id,FTP server address, FTP port no., FTP file path, FTP username, FTP password, cell no., TX redundancy),Max length = 8+1+20+1+5+1+20+1+20+1+20+1+13+1+1 = 114 characters"
6a04547227be22811320697a,Get primary server all FTP/HTTP parameters,"?50,,#",1,min,Returns all primary settings,"$50, all primary server settings,#","IIIIII, HHHH…, FFF…, PPPPP,ffff…,uuuu…,pppp…,+91nnnnnnnnnn,R-(Station id,FTP server address, FTP port no., FTP file path, FTP username, FTP password, cell no., TX redundancy),Max length = 8+1+20+1+5+1+20+1+20+1+20+1+13+1+1 = 114 characters"
6a04547227be22811320697b,Get secondary server all FTP/HTTP parameters,"?51,,#",1,min,Returns all secondary settings,"$51, all secondary server settings,#","IIIIII, HHHH…, FFF…, PPPPP,ffff…,uuuu…,pppp…,+91nnnnnnnnnn,R-(Station id,FTP server address, FTP port no., FTP file path, FTP username, FTP password, cell no., TX redundancy),Max length = 8+1+20+1+5+1+20+1+20+1+20+1+13+1+1 = 114 characters"
6a04547227be22811320697c,Get third server all FTP/HTTP parameters,"?52,,#",1,min,Returns all third settings,"$52, all third server settings,#","IIIIII, HHHH…, FFF…, PPPPP,ffff…,uuuu…,pppp…,+91nnnnnnnnnn,R-(Station id,FTP server address, FTP port no., FTP file path, FTP username, FTP password, cell no., TX redundancy),Max length = 8+1+20+1+5+1+20+1+20+1+20+1+13+1+1 = 114 characters"
6a04547227be22811320697d,Get factory server all FTP/HTTP parameters,"?53,,#",1,min,Returns all factory settings,"$53, all factory server settings,#","IIIIII, HHHH…, FFF…, PPPPP,ffff…,uuuu…,pppp…,+91nnnnnnnnnn,R-(Station id,FTP server address, FTP port no., FTP file path, FTP username, FTP password, cell no., TX redundancy),Max length = 8+1+20+1+5+1+20+1+20+1+20+1+13+1+1 = 114 characters"
6a04547227be22811320697e,Restore primary server all FTP/HTTP parameters,"?54,,#",1,min,Returns all primary settings,"$54, all primary server settings,#","IIIIII, HHHH…, FFF…, PPPPP,ffff…,uuuu…,pppp…,+91nnnnnnnnnn,R-(Station id,FTP server address, FTP port no., FTP file path, FTP username, FTP password, cell no., TX redundancy),Max length = 8+1+20+1+5+1+20+1+20+1+20+1+13+1+1 = 114 characters"
6a04547227be22811320697f,Restore secondary server all FTP/HTTP parameters,"?55,,#",1,min,Returns all secondary settings,"$55, all secondary server settings,#","IIIIII, HHHH…, FFF…, PPPPP,ffff…,uuuu…,pppp…,+91nnnnnnnnnn,R-(Station id,FTP server address, FTP port no., FTP file path, FTP username, FTP password, cell no., TX redundancy),Max length = 8+1+20+1+5+1+20+1+20+1+20+1+13+1+1 = 114 characters"
6a04547227be228113206980,Restore third server all FTP/HTTP parameters,"?56,,#",1,min,Returns all third settings,"$56, all third server settings,#","IIIIII, HHHH…, FFF…, PPPPP,ffff…,uuuu…,pppp…,+91nnnnnnnnnn,R-(Station id,FTP server address, FTP port no., FTP file path, FTP username, FTP password, cell no., TX redundancy),Max length = 8+1+20+1+5+1+20+1+20+1+20+1+13+1+1 = 114 characters"
6a04547227be228113206981,Restore factory server all FTP/HTTP parameters,"?57,,#",1,min,Returns all factory settings,"$57, all factory server settings,#","IIIIII, HHHH…, FFF…, PPPPP,ffff…,uuuu…,pppp…,+91nnnnnnnnnn,R-(Station id,FTP server address, FTP port no., FTP file path, FTP username, FTP password, cell no., TX redundancy),Max length = 8+1+20+1+5+1+20+1+20+1+20+1+13+1+1 = 114 characters"
6a04547227be228113206982,Fast SMS check,"?58,N,#",1,min,"N=0 Disable, 1Enable","$58,all general system parameters#","IIIIIIII, NNNNNNNNNNNNNNNN,HH:MM:SS,hh:mm:ss,AAAAAAAAAAAAAAAA,HHH…,S, +91nnnnnnnnnn, +91nnnnnnnnnn,YY,HH:MM:SS (Station id, station name, Tx interval, measurement interval, APN , APN, Fast SMS check, admin cell no.1, admin cell no. 2s, sensor power on time, measurement start time) Max length = 8+1+16+1+8+1+8+1+31+1+31+1+1+1+13+1+13+1+2+1+8= 149 characters"
6a04547227be228113206983,Set admin 1 SMS cell no,"?59,+91nnnnnnnnnn,#",1,min,(nnnnnnnnnn: Cellular no. – 10 digit long),"$59,all general system parameters#","IIIIIIII, NNNNNNNNNNNNNNNN,HH:MM:SS,hh:mm:ss,AAAAAAAAAAAAAAAA,HHH…,S, +91nnnnnnnnnn, +91nnnnnnnnnn,YY,HH:MM:SS (Station id, station name, Tx interval, measurement interval, APN , APN, Fast SMS check, admin cell no.1, admin cell no. 2s, sensor power on time, measurement start time) Max length = 8+1+16+1+8+1+8+1+31+1+31+1+1+1+13+1+13+1+2+1+8= 149 characters"
6a04547227be228113206984,Set admin 2 SMS cell no,"?60,+91nnnnnnnnnn,#",1,min,(nnnnnnnnnn: Cellular no. – 10 digit long),"$60,all general system parameters#","IIIIIIII, NNNNNNNNNNNNNNNN,HH:MM:SS,hh:mm:ss,AAAAAAAAAAAAAAAA,HHH…,S, +91nnnnnnnnnn, +91nnnnnnnnnn,YY,HH:MM:SS (Station id, station name, Tx interval, measurement interval, APN , APN, Fast SMS check, admin cell no.1, admin cell no. 2s, sensor power on time, measurement start time) Max length = 8+1+16+1+8+1+8+1+31+1+31+1+1+1+13+1+13+1+2+1+8= 149 characters"
6a04547227be228113206986,HTTP Server Username,"?62,N,username,#",1,min,"N-ServerNo 1 to 4, username for the selected server (max 64 char)","$62,station id,N,azista123..#",N – Server number from 1 to 4 azista123... – username for the selected server (Max 64-character length)
6a04547227be228113206987,Get transmission start time GPRS,"?63,,#",1,min,returns current tranmission time,"$63,station id,HH:MM:SS#",NA
6a04547227be228113206989,Set/Get transmitter frequency,"?65,N,S,FFFF,#",1,min,"S = 0 – to get ,1- set if S =0 no need to send FFFF. N= 0 for UHF, 1 for Radio Sonde. Freq from 402.0000 to 403.0000Mhz.FFFF - value of Frequency","$65,station id ,N,S,FFFF,#","If S = 0, then only consider valid FFFF value. Value of S below: 0 - frequency set successful,1 - Checksum error,2 - frequency not set,3 -transmitter communication problem or not connected 4 - get successful,N= 0 for UHF, 1 for Radio Sonde FFFF - value of Frequency"
6a04547227be22811320698a,Set Attenuation,"?66,N,S,xx,#",1,min,"N= 0 for UHF, 1 for Radio Sonde S = 0 – to get ,1- set In case of S =0 no need to send xx. Where xx = attenuation value","$66,station id,N,S,xx,#","N= 0 for UHF, 1 for Radio Sonde, S = 0 – to get ,1- set ,xx= attenuation value"
6a04547227be22811320698b,Get station ID of Radio sonde Transmitter,"?67,S,xxxxx,#",1,min,"S = 0 – get, 1- set in case of S =0 no need to send xxxxx xxxxx = station id of sonde transmitter (5 char)","$67,station id,S,xxxx,#","S = 0 – get, 1- set xxxxx = station id of sonde transmitter (5 char)"
6a04547227be22811320698c,Set DL cell no,"?68,N,#",1,min,"where N = 1=D.L.Cell no.1 (+91 and 10 number and 13 digit number functionality),2= D.L.Cell no.2 (+91 and 10 number and 13 digit number functionality),3= MSSISDN no.1 (not allow +91 only 13 digit number allow),4=MSSISDN no.2 (not allow +91 only 13 digit number allow)","$68,Stationid,+91nnnnnnnnnn,#",NA
6a04547227be22811320698e,Power Switching,"?76,,#",1,min,,"$76,StationId,1#",1 indicate success
6a04547227be22811320698f,Sim Card Test,"?77,1,#",1,min,,"$77,Station ID, 0, -067, 0, -072, EC200UCNAAR03A14M08,#","SIM1_slot_status – 0: Success,1: Failure, Signal_strength_SIM1: -067, SIM2_slot_status - 0: Success,1: Failure, Signal_strength_SIM2: -072 ,Modem Firmware Ver: EC200UCNAAR03A14M08"
6a04547227be228113206990,Sleep Current Test,"?79,,#",1,min,,"$79,StationId,1#",1-indicate success
6a04547227be228113206991,SET Sensor ALL parameter,"?80,(Sensor no, channel no,F.G, factory off, senG, Soff, Resolution, sen Min, sens Max, Averag Scheme, vactor, start time, interval, total sample, mode, Tx.G, Tx.O ),#",1,min,NA,"$80,List of all sensor parameters,#","Ss, ww, MMMMMM.MMMMM, ± xxxxx.xxxxx, ±zzzzz.zzzzz,±ddddd.ddddd,±vvvvv.vvvvv,±nnnnn.nnnnn,±ccccc.ccccc,a,rr,HH:MM:SS,HH:MM:SS,zz,f,±yyyyy.yyyyy,±ppppp.ppppp (Sensor no, F.G, factory off, senG, S.off, Resolution, sen Min, sens Max, Averag Scheme, vactor, start time, interval, total sample, mode, Tx.G, Tx.O ) Max length = 8+2+10+10+10+10+10+10+10+1+2+1+10+10 = 155 characters"
6a04547227be228113206994,GET sensor parameter,"?81,Sensor Number,#",1,min,NA,"$81,List of all sensor parameters,#","Ss, ww, MMMMMM.MMMMM, ± xxxxx.xxxxx, ±zzzzz.zzzzz,±ddddd.ddddd,±vvvvv.vvvvv,±nnnnn.nnnnn,±ccccc.ccccc,a,rr,HH:MM:SS,HH:MM:SS,zz,f,±yyyyy.yyyyy,±ppppp.ppppp (Sensor no, F.G, factory off, senG, S.off, Resolution, sen Min, sens Max, Averag Scheme, vactor, start time, interval, total sample, mode, Tx.G, Tx.O ) Max length = 8+2+10+10+10+10+10+10+10+1+2+1+10+10 = 155 characters"
6a04547227be228113206993,SET sensors parameters,"?82,(sensor no,unit,SenSelStatus,BaudRate,ReqLen,Start Char,Fp,Lp,Resp Len,RelayNo,PeriodicSmpl,DerievedPara,RequestString,Sensor name,id, model,rstcnt,datum,dec_len,frac_len,max_threshold,min_threshold)",1,min,NA,"$82,Station ID, sensor no,unit,SenSelStatus,BaudRate,ReqLen,Start Char,Fp,Lp,Resp Len,RelayNo,PeriodicSmpl,DerievedPara,RequestString,Sensor name,id, model,rstcnt,datum,dec_len,frac_len,max_threshold,min_threshold, #",NA
6a04547227be228113206994,GET sensor parameter,"?83,Sensor number,#",1,min,NA,"$83,Station ID, sensor no,unit,SenSelStatus,BaudRate,ReqLen,Start Char,Fp,Lp,Resp Len,RelayNo,PeriodicSmpl,DerievedPara,RequestString,Sensor name,id, model,rstcnt,datum,dec_len,frac_len,max_threshold,min_threshold, #",NA
6a04547227be228113206995,Battery Voltage,"?84,xx,#",1,min,Where xx is between 00 to 11.,"$84,station id ,Battery Voltage, CNT: Counts,#",NA
6a04547227be228113206997,GPRS RSSI,"?89,,#",1,min,,"$89,Factory Stationid,RSSI,#",NA
6a04547227be22811320699f,Set HTTP Port,"?98,1,PPPPP,#",1,min,Where PPPPP is between 0 to 65535,"$98,station id, User1HTTPPort, User2HTTPPort, User3HTTPPort, FactHTTPPort,#",NA
6a04547227be228113206998,Memory test,"?91,,#",1,min,,"$91,station Id ,memorystatus,memory 2 status,#",
6a04547227be228113206999,manual FTP,"?92,,#",1,min,"$92,Factory station id,0","$92,00000000,0,#","0 indicates task is completed."